{"cameraMode":{"drawMode":0,"name":"Shaded","section":"Shading Mode"},"sceneLighting":true,"audioPlay":false,"sceneViewState":{"showFog":true,"showMaterialUpdate":true,"showSkybox":true,"showFlares":true,"showImageEffects":true,"showParticleSystems":true},"in2DMode":false,"pivot":{"x":-13.175769805908204,"y":0.6114603877067566,"z":1.3677228689193726},"rotation":{"x":0.14188770949840547,"y":-0.38250380754470827,"z":0.05957157909870148,"w":0.9110488891601563},"size":57.240028381347659,"orthographic":false}