{"cameraMode":{"drawMode":0,"name":"Shaded","section":"Shading Mode"},"sceneLighting":true,"audioPlay":false,"sceneViewState":{"showFog":true,"showMaterialUpdate":true,"showSkybox":true,"showFlares":true,"showImageEffects":true,"showParticleSystems":true},"in2DMode":false,"pivot":{"x":0.42543935775756838,"y":-1.8316457271575928,"z":0.034183502197265628},"rotation":{"x":0.1664503663778305,"y":-0.2270151525735855,"z":0.039412397891283038,"w":0.9587518572807312},"size":13.580999374389649,"orthographic":false}