{"cameraMode":{"drawMode":0,"name":"Shaded","section":"Shading Mode"},"sceneLighting":true,"audioPlay":false,"sceneViewState":{"showFog":true,"showMaterialUpdate":true,"showSkybox":true,"showFlares":true,"showImageEffects":true,"showParticleSystems":true},"in2DMode":false,"pivot":{"x":0.9683241844177246,"y":-0.19479183852672578,"z":-0.5330082774162293},"rotation":{"x":0.05711166188120842,"y":0.9239355325698853,"z":-0.15242424607276917,"w":0.34619125723838808},"size":7.808034896850586,"orthographic":false}