{"cameraMode":{"drawMode":0,"name":"Shaded","section":"Shading Mode"},"sceneLighting":false,"audioPlay":false,"sceneViewState":{"showFog":true,"showMaterialUpdate":true,"showSkybox":true,"showFlares":true,"showImageEffects":true,"showParticleSystems":true},"in2DMode":false,"pivot":{"x":-0.12637217342853547,"y":0.0,"z":0.08669835329055786},"rotation":{"x":0.05110779404640198,"y":0.9429025650024414,"z":-0.1715797334909439,"w":0.2808615267276764},"size":4.852703094482422,"orthographic":false}